category,filename,url,mime_type,status,saved,note
client_images,meta-1-1.png,https://rmollc.com/wp-content/uploads/2023/10/meta-1-1.png,image/png,200,True,
client_images,logo-1-3.png,https://rmollc.com/wp-content/uploads/2023/10/logo-1-3.png,image/png,200,True,
team_images,unnamed-1.png,https://rmollc.com/wp-content/uploads/2023/11/unnamed-1.png,image/png,200,True,
client_images,google-1.png,https://rmollc.com/wp-content/uploads/2023/10/google-1.png,image/png,200,True,
client_images,eu-based-1.jpg,https://rmollc.com/wp-content/uploads/2023/10/eu-based-1.jpg,image/jpeg,200,True,
client_images,bank-1-1.png,https://rmollc.com/wp-content/uploads/2023/10/bank-1-1.png,image/png,200,True,
client_images,water-1.png,https://rmollc.com/wp-content/uploads/2023/10/water-1.png,image/png,200,True,
client_images,San_Jose_Water_Company-logo.png,https://rmollc.com/wp-content/uploads/2023/10/San_Jose_Water_Company-logo.png,image/png,200,True,
other_images,icons8-refresh-30.png,https://rmollc.com/wp-content/plugins/ds-cf7-math-captcha/assets/img/icons8-refresh-30.png,image/png,200,True,
other_images,446bcd468478f5bfb7b4e5c804571392_w200.gif,https://rmollc.com/wp-content/plugins/ds-cf7-math-captcha/assets/img/446bcd468478f5bfb7b4e5c804571392_w200.gif,image/gif,200,True,
certification_images,download-2-q16jpe99t657zno4ea3c2xc48r9to4vfa7slo6hm2o.png,https://rmollc.com/wp-content/uploads/2023/10/download-2-q16jpe99t657zno4ea3c2xc48r9to4vfa7slo6hm2o.png,image/png,200,True,
client_images,dbe-logo-q16jpdbfmc3xo1phjropifknndeggfroy3546wj08w.png,https://rmollc.com/wp-content/uploads/2023/10/dbe-logo-q16jpdbfmc3xo1phjropifknndeggfroy3546wj08w.png,image/png,200,True,
certification_images,CA.Gov_.Certified-1920w-q16k8qrohemoypkef55vwjkof9wt3uoixz7ea7sw00.png,https://rmollc.com/wp-content/uploads/2023/10/CA.Gov_.Certified-1920w-q16k8qrohemoypkef55vwjkof9wt3uoixz7ea7sw00.png,image/png,200,True,
client_images,certified-wbenc-womens-business-enterprise-logo-vector-q16jpg4y6u7smvle3awl7wv1fj0k3j2vyh3kmqetq8.png,https://rmollc.com/wp-content/uploads/2023/10/certified-wbenc-womens-business-enterprise-logo-vector-q16jpg4y6u7smvle3awl7wv1fj0k3j2vyh3kmqetq8.png,image/png,200,True,
certification_images,jmxkKun__400x400-q16jpg4y6u7smvle3awl7wv1fj0k3j2vyh3kmqetq8.png,https://rmollc.com/wp-content/uploads/2023/10/jmxkKun__400x400-q16jpg4y6u7smvle3awl7wv1fj0k3j2vyh3kmqetq8.png,image/png,200,True,
certification_images,download-1-q16jpf74006ib9mr8shynf3ku556vtz5mcg35gg7wg.png,https://rmollc.com/wp-content/uploads/2023/10/download-1-q16jpf74006ib9mr8shynf3ku556vtz5mcg35gg7wg.png,image/png,200,True,
site_images,plant-growth-farm-with-sunlight-background-scaled-1.jpg,https://rmollc.com/wp-content/uploads/2023/10/plant-growth-farm-with-sunlight-background-scaled-1.jpg,image/jpeg,200,True,
site_images,R-Mo-Global-Diversity-Solutions-01-1536x205.jpg,https://rmollc.com/wp-content/uploads/2023/10/R-Mo-Global-Diversity-Solutions-01-1536x205.jpg,image/jpeg,200,True,
site_images,icons8-up-squared-50-2.png,https://rmollc.com/wp-content/uploads/2023/10/icons8-up-squared-50-2.png,image/png,200,True,
team_images,Ranjani-300-dpi-300x212-150x150-1.jpg,https://rmollc.com/wp-content/uploads/2022/02/Ranjani-300-dpi-300x212-150x150-1.jpg,image/jpeg,200,True,
team_images,Roshini-1-300x200-1-150x150-1.jpg,https://rmollc.com/wp-content/uploads/2022/02/Roshini-1-300x200-1-150x150-1.jpg,image/jpeg,200,True,
team_images,Priya-S-half-1-1-150x150-1.jpg,https://rmollc.com/wp-content/uploads/2022/02/Priya-S-half-1-1-150x150-1.jpg,image/jpeg,200,True,
other_images,rmo2.png,https://rmollc.com/wp-content/uploads/2024/12/rmo2.png,image/png,200,True,
team_images,unnamed-18.png,https://rmollc.com/wp-content/uploads/2025/05/unnamed-18.png,image/png,200,True,
other_images,Photo-Marian-Salino-1.png,https://rmollc.com/wp-content/uploads/2024/01/Photo-Marian-Salino-1.png,image/png,200,True,
team_images,1643562015053.jpg,https://rmollc.com/wp-content/uploads/2023/10/1643562015053.jpg,image/jpeg,200,True,
team_images,Rajesh-Half-1-150x150-1.jpg,https://rmollc.com/wp-content/uploads/2022/02/Rajesh-Half-1-150x150-1.jpg,image/jpeg,200,True,
team_images,unnamed-12.jpg,https://rmollc.com/wp-content/uploads/2025/05/unnamed-12.jpg,image/jpeg,200,True,
other_images,Photo-Anjelica-Espina-1-e1706703331948.png,https://rmollc.com/wp-content/uploads/2024/01/Photo-Anjelica-Espina-1-e1706703331948.png,image/png,200,True,
team_images,Balladores-Marla-1-2048x1991.jpg,https://rmollc.com/wp-content/uploads/2023/11/Balladores-Marla-1-2048x1991.jpg,image/jpeg,200,True,
team_images,Princess-Mendez-1-scaled-e1693197924594.jpg,https://rmollc.com/wp-content/uploads/2023/10/Princess-Mendez-1-scaled-e1693197924594.jpg,image/jpeg,200,True,
team_images,Shylet-Lomuntad-1-scaled-1.jpg,https://rmollc.com/wp-content/uploads/2023/10/Shylet-Lomuntad-1-scaled-1.jpg,image/jpeg,200,True,
team_images,Picture2766.jpg,https://rmollc.com/wp-content/uploads/2025/04/Picture2766.jpg,image/jpeg,200,True,
team_images,unnamed4.png,https://rmollc.com/wp-content/uploads/2024/03/unnamed4.png,image/png,200,True,
other_images,rmo3.png,https://rmollc.com/wp-content/uploads/2024/12/rmo3.png,image/png,200,True,
team_images,unnamed-2-1.png,https://rmollc.com/wp-content/uploads/2024/03/unnamed-2-1.png,image/png,200,True,
team_images,Picture1.png,https://rmollc.com/wp-content/uploads/2024/04/Picture1.png,image/png,200,True,
team_images,Picture1.jpg,https://rmollc.com/wp-content/uploads/2026/05/Picture1.jpg,image/jpeg,200,True,
site_images,image59-e1780375354922.png,https://rmollc.com/wp-content/uploads/2026/06/image59-e1780375354922.png,image/png,200,True,
team_images,30f441a7-95a3-480e-8a4e-3bf57ba4255b.png,https://rmollc.com/wp-content/uploads/2026/06/30f441a7-95a3-480e-8a4e-3bf57ba4255b.png,image/png,200,True,
site_images,RMO-Global-Diversity-3.png,https://rmollc.com/wp-content/uploads/2023/10/RMO-Global-Diversity-3.png,image/png,200,True,
